,Gender,Married,Dependents,Education,Self_Employed,ApplicantIncome_Label,CoapplicantIncome_Label,LoanAmount_Label,Term,Credit_History,Property_Area,Decision
0,Male,No,0,Graduate,No,Low,Low,Few,0.06196581196581197,1.0,Urban,Y
1,Male,Yes,1,Graduate,No,Low,Low,Few,0.06196581196581197,1.0,Rural,N
2,Male,Yes,0,Graduate,Yes,Low,Low,Few,0.06196581196581197,1.0,Urban,Y
3,Male,Yes,0,Not Graduate,No,Low,Low,Few,0.06196581196581197,1.0,Urban,Y
4,Male,No,0,Graduate,No,Low,Low,Few,0.06196581196581197,1.0,Urban,Y
5,Male,Yes,2,Graduate,Yes,Low,Low,Few,0.06196581196581197,1.0,Urban,Y
6,Male,Yes,0,Not Graduate,No,Low,Low,Few,0.06196581196581197,1.0,Urban,Y
7,Male,Yes,3+,Graduate,No,Low,Low,Few,0.06196581196581197,0.0,Semiurban,N
8,Male,Yes,2,Graduate,No,Low,Low,Few,0.06196581196581197,1.0,Urban,Y
9,Male,Yes,1,Graduate,No,Low,Low,Few,0.06196581196581197,1.0,Semiurban,N
10,Male,Yes,2,Graduate,No,Low,Low,Few,0.06196581196581197,1.0,Urban,Y
11,Male,Yes,2,Graduate,No,Low,Low,Few,0.06196581196581197,1.0,Urban,Y
12,Male,Yes,2,Graduate,No,Low,Low,Few,0.06196581196581197,1.0,Urban,Y
13,Male,No,0,Graduate,No,Low,Low,Few,0.06196581196581197,1.0,Rural,N
14,Male,Yes,2,Graduate,No,Low,Low,Few,0.019230769230769235,1.0,Urban,Y
15,Male,No,0,Graduate,No,Low,Low,Few,0.06196581196581197,1.0,Urban,Y
16,Male,No,1,Not Graduate,No,Low,Low,Few,0.0405982905982906,1.0,Urban,Y
17,Female,No,0,Graduate,No,Low,Low,Few,0.06196581196581197,0.0,Urban,N
18,Male,Yes,0,Not Graduate,No,Low,Low,Few,0.06196581196581197,1.0,Rural,N
19,Male,Yes,0,Graduate,No,Low,Low,Few,0.06196581196581197,1.0,Urban,Y
20,Male,Yes,0,Not Graduate,No,Low,Low,Few,0.06196581196581197,0.0,Urban,N
21,Male,Yes,1,Graduate,No,Low,Low,Few,0.06196581196581197,1.0,Urban,Y
22,Male,Yes,0,Not Graduate,No,Low,Low,Few,0.06196581196581197,0.0,Semiurban,N
23,Male,Yes,2,Not Graduate,No,Low,Low,Few,0.06196581196581197,0.0,Rural,N
24,Male,Yes,1,Graduate,No,Low,Low,Few,0.06196581196581197,0.0,Semiurban,N
25,Male,Yes,0,Graduate,Yes,Low,Low,Few,0.06196581196581197,1.0,Semiurban,Y
26,Male,Yes,0,Graduate,No,Low,Low,Few,0.06196581196581197,1.0,Semiurban,Y
27,Male,Yes,2,Not Graduate,No,Low,Low,Few,0.06196581196581197,1.0,Urban,Y
28,Male,No,0,Not Graduate,No,Low,Low,Few,0.06196581196581197,1.0,Urban,N
29,Female,No,2,Graduate,No,Low,Low,Few,0.06196581196581197,1.0,Semiurban,Y
30,Male,Yes,1,Graduate,No,Low,Low,Few,0.06196581196581197,1.0,Urban,N
31,Male,No,0,Graduate,No,Low,Low,Few,0.06196581196581197,1.0,Urban,N
32,Male,No,1,Graduate,Yes,Low,Low,Few,0.06196581196581197,1.0,Rural,N
33,Male,Yes,0,Graduate,No,Low,Low,Few,0.06196581196581197,1.0,Semiurban,Y
34,Male,No,3+,Graduate,No,Low,Low,Few,0.06196581196581197,1.0,Rural,N
35,Male,Yes,0,Graduate,No,Low,Low,Few,0.06196581196581197,1.0,Urban,Y
36,Male,Yes,0,Graduate,No,Low,Low,Few,0.06196581196581197,0.0,Urban,N
37,Female,Yes,0,Graduate,No,Low,Low,Few,0.06196581196581197,1.0,Semiurban,Y
38,Male,No,0,Graduate,No,Low,Low,Few,0.06196581196581197,1.0,Urban,Y
39,Male,No,0,Not Graduate,No,Low,Low,Few,0.06196581196581197,1.0,Semiurban,Y
40,Male,No,0,Graduate,No,Low,Low,Few,0.06196581196581197,1.0,Urban,N
41,Male,No,0,Graduate,No,Low,Low,Few,0.06196581196581197,1.0,Urban,Y
42,Male,Yes,0,Graduate,No,Low,Low,Few,0.06196581196581197,1.0,Urban,Y
43,Male,Yes,0,Graduate,No,Low,Low,Few,0.06196581196581197,1.0,Semiurban,Y
44,Male,Yes,0,Not Graduate,Yes,Low,Low,Few,0.06196581196581197,1.0,Urban,Y
45,Female,No,0,Graduate,No,Low,Low,Few,0.06196581196581197,1.0,Urban,Y
46,Male,Yes,1,Graduate,No,Low,Low,Few,0.06196581196581197,1.0,Urban,Y
47,Male,Yes,0,Graduate,No,Low,Low,Few,0.06196581196581197,1.0,Urban,Y
48,Female,Yes,0,Graduate,No,Low,Low,Few,0.06196581196581197,0.0,Urban,N
49,Female,No,0,Graduate,No,Low,Low,Few,0.06196581196581197,1.0,Semiurban,Y
50,Female,Yes,0,Not Graduate,No,Low,Low,Few,0.06196581196581197,1.0,Semiurban,Y
51,Female,No,0,Graduate,No,Low,Low,Few,0.06196581196581197,1.0,Semiurban,Y
52,Female,No,0,Graduate,No,Low,Low,Few,0.06196581196581197,1.0,Semiurban,N
53,Male,Yes,2,Graduate,No,Low,Low,Few,0.06196581196581197,1.0,Urban,N
54,Female,Yes,1,Graduate,Yes,Low,Low,Few,0.06196581196581197,0.0,Urban,N
55,Male,Yes,2,Graduate,No,Low,Low,Few,0.06196581196581197,1.0,Semiurban,Y
56,Male,Yes,0,Graduate,No,Low,Low,Few,0.06196581196581197,1.0,Semiurban,Y
57,Male,Yes,0,Graduate,No,Low,Low,Few,0.06196581196581197,1.0,Rural,N
58,Male,Yes,1,Graduate,No,Low,Low,Few,0.06196581196581197,1.0,Urban,Y
59,Male,Yes,2,Not Graduate,No,Low,Low,Few,0.06196581196581197,1.0,Urban,Y
60,Male,Yes,0,Graduate,No,Low,Low,Few,0.06196581196581197,1.0,Urban,Y
61,Male,Yes,3+,Graduate,No,Low,Low,Few,0.06196581196581197,1.0,Urban,Y
62,Male,Yes,0,Not Graduate,Yes,Low,Low,Few,0.029914529914529916,0.0,Rural,N
63,Male,Yes,1,Graduate,No,Low,Low,Few,0.06196581196581197,0.0,Rural,N
64,Female,No,0,Graduate,No,Low,Low,Few,0.06196581196581197,0.0,Semiurban,N
65,Male,Yes,0,Graduate,No,Low,Low,Few,0.06196581196581197,1.0,Semiurban,N
66,Male,No,0,Not Graduate,No,Low,Low,Few,0.029914529914529916,0.0,Urban,N
67,Male,Yes,1,Graduate,No,Low,Low,Few,0.06196581196581197,1.0,Urban,Y
68,Male,Yes,3+,Not Graduate,Yes,Low,Low,Few,0.008547008547008548,1.0,Urban,Y
69,Female,No,0,Graduate,No,Low,Low,Few,0.06196581196581197,0.0,Semiurban,N
70,Male,Yes,0,Graduate,No,Low,Low,Few,0.06196581196581197,1.0,Urban,Y
71,Male,Yes,2,Not Graduate,Yes,Low,Low,Few,0.06196581196581197,1.0,Semiurban,Y
72,Male,No,0,Graduate,No,Low,Low,Few,0.05128205128205129,1.0,Semiurban,Y
73,Male,Yes,3+,Not Graduate,No,Low,Low,Few,0.05128205128205129,0.0,Semiurban,N
74,Male,Yes,3+,Graduate,Yes,Low,Low,Few,0.06196581196581197,1.0,Semiurban,Y
75,Male,No,0,Graduate,No,Low,Low,Few,0.08333333333333336,1.0,Urban,N
76,Male,No,0,Graduate,No,Low,Low,Few,0.06196581196581197,1.0,Urban,N
77,Male,Yes,1,Graduate,Yes,Low,Low,Few,0.06196581196581197,1.0,Urban,N
78,Male,Yes,3+,Graduate,No,Low,Low,Few,0.05128205128205129,0.0,Semiurban,N
79,Male,Yes,3+,Not Graduate,Yes,Low,Low,Few,0.06196581196581197,0.0,Semiurban,Y
80,Female,No,0,Graduate,No,Low,Low,Few,0.06196581196581197,1.0,Semiurban,Y
81,Male,Yes,1,Graduate,Yes,Low,Low,Few,0.06196581196581197,1.0,Semiurban,Y
82,Female,Yes,2,Graduate,No,Low,Low,Few,0.06196581196581197,1.0,Urban,N
83,Male,Yes,0,Graduate,No,Low,Low,Few,0.06196581196581197,1.0,Semiurban,N
84,Male,Yes,1,Graduate,No,Low,Low,Few,0.0405982905982906,1.0,Urban,Y
85,Male,No,0,Graduate,No,Low,Low,Few,0.06196581196581197,1.0,Semiurban,Y
86,Male,Yes,2,Not Graduate,No,Low,Low,Few,0.06196581196581197,1.0,Semiurban,Y
87,Male,Yes,0,Graduate,No,Low,Low,Few,0.06196581196581197,1.0,Semiurban,Y
88,Male,No,0,Graduate,No,Low,Low,Few,0.06196581196581197,1.0,Urban,Y
89,Male,Yes,0,Graduate,No,Low,Low,Few,0.06196581196581197,1.0,Semiurban,Y
90,Male,Yes,0,Graduate,No,Low,Low,Few,0.06196581196581197,1.0,Semiurban,Y
91,Male,Yes,2,Graduate,No,Low,Low,Few,0.029914529914529916,1.0,Semiurban,Y
92,Male,Yes,2,Not Graduate,No,Low,Low,Few,0.06196581196581197,1.0,Urban,Y
93,Male,No,0,Graduate,No,Low,Low,Few,0.06196581196581197,1.0,Semiurban,Y
94,Male,No,0,Not Graduate,No,Low,Low,Few,0.019230769230769235,1.0,Semiurban,Y
95,Male,No,0,Graduate,No,Low,Low,Few,0.06196581196581197,1.0,Urban,N
96,Female,Yes,0,Graduate,No,Low,Low,Few,0.06196581196581197,1.0,Semiurban,Y
97,Male,Yes,0,Graduate,No,Low,Low,Few,0.06196581196581197,1.0,Semiurban,Y
98,Male,Yes,0,Not Graduate,No,Low,Low,Few,0.029914529914529916,1.0,Semiurban,Y
99,Male,Yes,0,Graduate,No,Low,Low,Few,0.06196581196581197,1.0,Semiurban,Y
100,Male,Yes,2,Not Graduate,No,Low,Low,Few,0.029914529914529916,1.0,Urban,Y
101,Male,No,0,Graduate,No,Low,Low,Few,0.06196581196581197,1.0,Semiurban,Y
102,Male,Yes,0,Graduate,No,Low,Low,Few,0.06196581196581197,1.0,Urban,Y
103,Male,Yes,0,Graduate,No,Low,Low,Few,0.06196581196581197,1.0,Semiurban,Y
104,Male,Yes,0,Graduate,No,Low,Low,Few,0.06196581196581197,1.0,Urban,Y
105,Male,Yes,1,Graduate,No,Low,Low,Few,0.06196581196581197,1.0,Urban,Y
106,Male,Yes,2,Graduate,No,Low,Low,Few,0.06196581196581197,1.0,Urban,Y
107,Male,No,0,Not Graduate,No,Low,Low,Few,0.06196581196581197,1.0,Rural,N
108,Male,Yes,2,Graduate,No,Low,Low,Few,0.06196581196581197,0.0,Urban,N
109,Male,Yes,3+,Not Graduate,No,Low,Low,Few,0.08333333333333336,1.0,Semiurban,Y
110,Male,No,0,Graduate,No,Low,Low,Few,0.06196581196581197,1.0,Urban,Y
111,Female,Yes,0,Graduate,No,Low,Low,Few,0.06196581196581197,1.0,Semiurban,Y
112,Male,Yes,0,Not Graduate,No,Low,Low,Few,0.06196581196581197,0.0,Rural,N
113,Female,No,1,Graduate,Yes,Low,Low,Few,0.06196581196581197,1.0,Semiurban,Y
114,Male,No,0,Graduate,Yes,Low,Low,Few,0.06196581196581197,1.0,Semiurban,Y
115,Male,Yes,1,Graduate,No,Low,Low,Few,0.029914529914529916,1.0,Rural,Y
116,Female,Yes,0,Graduate,No,Low,Low,Few,0.06196581196581197,1.0,Semiurban,Y
117,Male,Yes,1,Graduate,No,Low,Low,Few,0.06196581196581197,1.0,Urban,Y
118,Male,Yes,0,Graduate,No,Low,Low,Few,0.06196581196581197,1.0,Rural,N
119,Female,No,0,Graduate,No,Low,Low,Few,0.06196581196581197,1.0,Urban,Y
120,Male,Yes,0,Graduate,No,Low,Low,Few,0.06196581196581197,1.0,Rural,Y
121,Female,No,0,Graduate,No,Low,Low,Few,0.06196581196581197,1.0,Semiurban,Y
122,Female,No,0,Graduate,No,Low,Low,Few,0.06196581196581197,0.0,Semiurban,Y
123,Male,Yes,2,Graduate,No,Low,Low,Few,0.06196581196581197,1.0,Semiurban,Y
124,Male,Yes,0,Not Graduate,No,Low,Low,Few,0.06196581196581197,1.0,Rural,Y
125,Female,No,0,Graduate,No,Low,Low,Few,0.06196581196581197,1.0,Rural,Y
126,Female,Yes,3+,Graduate,No,Low,Low,Few,0.06196581196581197,1.0,Rural,Y
127,Male,No,0,Graduate,No,Low,Low,Few,0.06196581196581197,1.0,Rural,Y
128,Male,Yes,1,Graduate,Yes,Low,Low,Few,0.029914529914529916,0.0,Urban,N
129,Male,Yes,0,Graduate,No,Low,Low,Few,0.06196581196581197,0.0,Rural,N
130,Male,No,0,Graduate,Yes,Low,Low,Few,0.08333333333333336,0.0,Urban,Y
131,Male,No,0,Graduate,No,Low,Low,Few,0.06196581196581197,1.0,Urban,Y
132,Male,No,0,Graduate,No,Low,Low,Few,0.06196581196581197,1.0,Semiurban,Y
133,Male,Yes,0,Graduate,Yes,Low,Low,Few,0.019230769230769235,1.0,Semiurban,Y
134,Male,No,0,Graduate,No,Low,Low,Few,0.06196581196581197,1.0,Semiurban,Y
135,Male,Yes,3+,Graduate,No,Low,Low,Few,0.06196581196581197,1.0,Semiurban,N
136,Female,Yes,0,Graduate,No,Low,Low,Few,0.06196581196581197,1.0,Rural,N
137,Male,Yes,2,Graduate,Yes,Low,Low,Few,0.06196581196581197,1.0,Urban,Y
138,Male,No,0,Graduate,No,Low,Low,Few,0.06196581196581197,0.0,Semiurban,N
139,Male,Yes,2,Not Graduate,No,Low,Low,Few,0.06196581196581197,1.0,Rural,N
140,Male,Yes,2,Graduate,No,Low,Low,Few,0.06196581196581197,1.0,Rural,N
141,Male,No,0,Graduate,No,Low,Low,Few,0.06196581196581197,1.0,Urban,Y
142,Male,No,0,Graduate,Yes,Low,Low,Few,0.029914529914529916,1.0,Semiurban,Y
143,Male,Yes,0,Graduate,No,Low,Low,Few,0.06196581196581197,1.0,Semiurban,Y
144,Male,Yes,2,Graduate,No,Low,Low,Few,0.029914529914529916,1.0,Urban,Y
145,Female,Yes,0,Graduate,No,Low,Low,Few,0.06196581196581197,1.0,Semiurban,Y
146,Female,Yes,2,Graduate,No,Low,Low,Few,0.06196581196581197,1.0,Urban,Y
147,Male,Yes,1,Graduate,No,Low,Low,Few,0.06196581196581197,1.0,Urban,Y
148,Female,No,0,Graduate,No,Low,Low,Few,0.06196581196581197,1.0,Rural,N
149,Male,Yes,0,Graduate,No,Low,Low,Few,0.06196581196581197,1.0,Semiurban,Y
150,Male,No,0,Graduate,No,Low,Low,Few,0.06196581196581197,0.0,Rural,N
151,Male,Yes,0,Graduate,Yes,Low,Low,Few,0.06196581196581197,1.0,Rural,Y
152,Male,No,0,Graduate,No,Low,Low,Few,0.06196581196581197,1.0,Urban,N
153,Male,Yes,2,Not Graduate,No,Low,Low,Few,0.06196581196581197,1.0,Rural,N
154,Male,No,0,Graduate,No,Low,Low,Few,0.06196581196581197,1.0,Urban,Y
155,Male,Yes,3+,Graduate,No,Low,Low,Few,0.029914529914529916,0.0,Semiurban,Y
156,Male,Yes,1,Graduate,No,Low,Low,Few,0.06196581196581197,0.0,Rural,Y
157,Male,Yes,1,Graduate,No,Low,Low,Few,0.06196581196581197,1.0,Urban,Y
158,Male,No,0,Graduate,No,Low,Low,Few,0.06196581196581197,1.0,Rural,Y
159,Male,Yes,0,Graduate,No,Low,Low,Few,0.06196581196581197,1.0,Semiurban,Y
160,Male,Yes,0,Not Graduate,No,Low,Low,Few,0.06196581196581197,1.0,Semiurban,Y
161,Male,Yes,0,Graduate,No,Low,Low,Few,0.06196581196581197,1.0,Urban,N
162,Male,Yes,1,Graduate,No,Low,Low,Few,0.06196581196581197,0.0,Semiurban,N
163,Male,Yes,2,Graduate,No,Low,Low,Few,0.06196581196581197,1.0,Rural,Y
164,Male,Yes,0,Graduate,No,Low,Low,Few,0.029914529914529916,1.0,Urban,Y
165,Male,Yes,0,Graduate,No,Low,Low,Few,0.029914529914529916,1.0,Rural,Y
166,Female,Yes,0,Graduate,No,Low,Low,Few,0.06196581196581197,1.0,Rural,N
167,Male,Yes,0,Graduate,No,Low,Low,Few,0.06196581196581197,1.0,Rural,Y
168,Male,No,0,Graduate,No,Low,Low,Few,0.08333333333333336,0.0,Semiurban,N
169,Male,Yes,2,Graduate,No,Low,Low,Few,0.06196581196581197,1.0,Semiurban,Y
170,Male,Yes,0,Not Graduate,No,Low,Low,Few,0.06196581196581197,1.0,Rural,Y
171,Male,Yes,3+,Graduate,No,Low,Low,Few,0.05128205128205129,1.0,Urban,Y
172,Male,Yes,3+,Not Graduate,No,Low,Low,Few,0.029914529914529916,1.0,Rural,N
173,Male,Yes,0,Graduate,No,Low,Low,Few,0.06196581196581197,1.0,Semiurban,Y
174,Male,Yes,0,Not Graduate,Yes,Low,Low,Few,0.06196581196581197,1.0,Semiurban,N
175,Male,Yes,0,Graduate,No,Low,Low,Few,0.06196581196581197,1.0,Rural,Y
176,Male,Yes,2,Graduate,No,Low,Low,Few,0.06196581196581197,1.0,Rural,Y
177,Male,Yes,3+,Graduate,No,Low,Low,Few,0.06196581196581197,0.0,Semiurban,N
178,Male,Yes,1,Graduate,No,Low,Low,Few,0.06196581196581197,1.0,Semiurban,Y
179,Male,No,0,Not Graduate,No,Low,Low,Few,0.08333333333333336,0.0,Urban,N
180,Male,Yes,1,Graduate,No,Low,Low,Few,0.06196581196581197,0.0,Urban,N
181,Male,No,0,Graduate,No,Low,Low,Few,0.06196581196581197,0.0,Rural,N
182,Male,Yes,0,Graduate,No,Low,Low,Few,0.029914529914529916,1.0,Semiurban,Y
183,Male,Yes,1,Graduate,No,Low,Low,Few,0.06196581196581197,1.0,Semiurban,N
184,Female,Yes,0,Graduate,No,Low,Low,Few,0.06196581196581197,1.0,Semiurban,Y
185,Male,Yes,0,Graduate,Yes,Low,Low,Few,0.06196581196581197,1.0,Semiurban,Y
186,Male,Yes,1,Graduate,Yes,Low,Low,Few,0.05128205128205129,0.0,Rural,N
187,Male,Yes,0,Graduate,No,Low,Low,Few,0.06196581196581197,0.0,Rural,Y
188,Male,Yes,0,Graduate,Yes,Low,Low,Few,0.06196581196581197,1.0,Rural,Y
189,Male,Yes,0,Graduate,No,Low,Low,Few,0.029914529914529916,1.0,Rural,Y
190,Male,No,0,Not Graduate,No,Low,Low,Few,0.06196581196581197,1.0,Rural,Y
191,Male,No,0,Graduate,No,Low,Low,Few,0.06196581196581197,1.0,Semiurban,N
192,Male,Yes,0,Not Graduate,No,Low,Low,Few,0.06196581196581197,1.0,Urban,N
193,Male,No,0,Graduate,No,Low,Low,Few,0.06196581196581197,1.0,Semiurban,Y
194,Male,No,0,Graduate,No,Low,Low,Few,0.06196581196581197,1.0,Rural,Y
195,Male,Yes,1,Graduate,No,Low,Low,Few,0.06196581196581197,1.0,Semiurban,N
196,Male,No,0,Graduate,No,Low,Low,Few,0.06196581196581197,1.0,Rural,Y
197,Female,No,0,Not Graduate,No,Low,Low,Few,0.06196581196581197,1.0,Urban,Y
198,Female,Yes,0,Graduate,No,Low,Low,Few,0.06196581196581197,1.0,Semiurban,Y
199,Male,No,0,Graduate,Yes,Low,Low,Few,0.06196581196581197,1.0,Urban,N
200,Male,Yes,1,Not Graduate,No,Low,Low,Few,0.06196581196581197,1.0,Semiurban,Y
201,Male,No,2,Graduate,No,Low,Low,Few,0.06196581196581197,0.0,Semiurban,Y
202,Male,Yes,3+,Not Graduate,No,Low,Low,Few,0.029914529914529916,1.0,Urban,N
203,Male,Yes,1,Not Graduate,No,Low,Low,Few,0.06196581196581197,1.0,Urban,Y
204,Male,Yes,2,Not Graduate,No,Low,Low,Few,0.06196581196581197,1.0,Semiurban,Y
205,Female,No,0,Not Graduate,No,Low,Low,Few,0.06196581196581197,1.0,Semiurban,Y
206,Female,No,0,Graduate,No,Low,Low,Few,0.06196581196581197,1.0,Urban,Y
207,Male,No,0,Not Graduate,No,Low,Low,Few,0.06196581196581197,1.0,Rural,Y
208,Male,No,0,Graduate,No,Low,Low,Few,0.06196581196581197,1.0,Urban,Y
209,Male,No,0,Graduate,No,Low,Low,Few,0.06196581196581197,1.0,Semiurban,N
210,Female,No,0,Graduate,No,Low,Low,Few,0.06196581196581197,1.0,Semiurban,N
211,Male,Yes,3+,Graduate,No,Low,Low,Few,0.06196581196581197,0.0,Semiurban,N
212,Male,Yes,1,Graduate,Yes,Low,Low,Few,0.06196581196581197,1.0,Urban,Y
213,Male,Yes,3+,Not Graduate,Yes,Low,Low,Few,0.06196581196581197,1.0,Rural,Y
214,Male,Yes,0,Graduate,No,Low,Low,Few,0.06196581196581197,1.0,Urban,Y
215,Male,Yes,3+,Not Graduate,No,Low,Low,Few,0.06196581196581197,1.0,Semiurban,Y
216,Male,Yes,0,Graduate,No,,Low,Few,0.06196581196581197,1.0,Rural,N
217,Male,Yes,0,Graduate,No,Low,Low,Few,0.06196581196581197,1.0,Semiurban,Y
218,Male,Yes,2,Graduate,No,Low,Low,Few,0.06196581196581197,0.0,Semiurban,N
219,Female,Yes,2,Graduate,No,Low,Low,Few,0.06196581196581197,0.0,Semiurban,Y
220,Male,Yes,0,Graduate,No,Low,Low,Few,0.06196581196581197,0.0,Urban,N
221,Male,Yes,2,Graduate,No,Low,Low,Few,0.06196581196581197,1.0,Semiurban,Y
222,Male,No,0,Graduate,No,Low,Low,Few,0.06196581196581197,1.0,Semiurban,Y
223,Male,Yes,0,Graduate,No,Low,Low,Few,0.06196581196581197,1.0,Semiurban,Y
224,Male,Yes,0,Graduate,No,Low,Low,Few,0.06196581196581197,1.0,Semiurban,Y
225,Male,Yes,0,Graduate,No,Low,Low,Few,0.06196581196581197,1.0,Rural,N
226,Male,Yes,0,Not Graduate,Yes,Low,Low,Few,0.06196581196581197,1.0,Urban,N
227,Male,Yes,2,Graduate,No,Low,Low,Few,0.06196581196581197,1.0,Semiurban,Y
228,Male,Yes,2,Graduate,No,Low,Low,Few,0.08333333333333336,1.0,Semiurban,Y
229,Male,No,0,Graduate,Yes,Low,Low,Few,0.06196581196581197,1.0,Rural,Y
230,Male,Yes,1,Graduate,No,Low,Low,Few,0.06196581196581197,1.0,Semiurban,Y
231,Male,Yes,0,Graduate,No,Low,Low,Few,0.029914529914529916,1.0,Rural,Y
232,Male,No,0,Not Graduate,No,Low,Low,Few,0.029914529914529916,1.0,Rural,Y
233,Female,No,0,Graduate,No,Low,Low,Few,0.06196581196581197,1.0,Semiurban,Y
234,Male,Yes,1,Graduate,No,Low,Low,Few,0.06196581196581197,1.0,Semiurban,Y
235,Male,Yes,1,Graduate,No,Low,Low,Few,0.06196581196581197,1.0,Rural,Y
236,Male,Yes,0,Graduate,No,Low,Low,Few,0.06196581196581197,1.0,Urban,N
237,Female,No,0,Graduate,Yes,Low,Low,Few,0.06196581196581197,1.0,Urban,Y
238,Female,No,1,Graduate,No,Low,Low,Few,0.06196581196581197,1.0,Rural,Y
239,Male,Yes,1,Graduate,No,Low,Low,Few,0.06196581196581197,1.0,Semiurban,Y
240,Male,Yes,2,Graduate,No,Low,Low,Few,0.06196581196581197,1.0,Rural,Y
241,Male,Yes,1,Not Graduate,No,Low,Low,Few,0.029914529914529916,1.0,Urban,N
242,Male,No,0,Graduate,No,Low,Low,Few,0.008547008547008548,1.0,Urban,Y
243,Male,Yes,2,Graduate,Yes,Low,Low,Few,0.06196581196581197,1.0,Rural,Y
244,Male,Yes,0,Not Graduate,No,Low,Low,Few,0.06196581196581197,1.0,Semiurban,Y
245,Male,No,0,Graduate,Yes,Low,Low,Few,0.029914529914529916,1.0,Urban,N
246,Male,Yes,2,Graduate,No,Low,Low,Few,0.06196581196581197,1.0,Urban,Y
247,Male,Yes,1,Not Graduate,No,Low,Low,Few,0.029914529914529916,1.0,Urban,Y
248,Male,Yes,1,Graduate,No,Low,Low,Few,0.08333333333333336,1.0,Semiurban,Y
249,Male,Yes,0,Graduate,No,Low,Low,Few,0.06196581196581197,1.0,Urban,Y
250,Male,Yes,0,Not Graduate,No,Low,Low,Few,0.06196581196581197,0.0,Semiurban,N
251,Female,No,2,Graduate,No,Low,Low,Few,0.06196581196581197,1.0,Urban,N
252,Male,No,0,Not Graduate,Yes,Low,Low,Few,0.06196581196581197,1.0,Rural,Y
253,Male,Yes,1,Not Graduate,No,Low,Low,Few,0.029914529914529916,1.0,Semiurban,Y
254,Male,No,0,Graduate,Yes,Low,Low,Few,0.06196581196581197,0.0,Urban,N
255,Female,No,3+,Graduate,No,Low,Low,Few,0.06196581196581197,1.0,Rural,Y
256,Male,No,0,Not Graduate,No,Low,Low,Few,0.06196581196581197,0.0,Rural,N
257,Male,Yes,3+,Graduate,No,Low,Low,Few,0.06196581196581197,1.0,Urban,N
258,Male,Yes,0,Graduate,No,Low,Low,Few,0.06196581196581197,1.0,Rural,N
259,Male,Yes,3+,Not Graduate,No,Low,Low,Few,0.06196581196581197,1.0,Semiurban,N
260,Male,Yes,1,Graduate,No,Low,Low,Few,0.06196581196581197,1.0,Urban,Y
261,Male,No,0,Graduate,No,Low,Low,Few,0.06196581196581197,1.0,Semiurban,Y
262,Female,No,1,Graduate,No,Low,Low,Few,0.004273504273504273,1.0,Semiurban,N
263,Female,No,0,Graduate,No,Low,Low,Few,0.06196581196581197,1.0,Rural,Y
264,Male,No,0,Graduate,Yes,Low,Low,Few,0.06196581196581197,1.0,Semiurban,Y
265,Male,No,0,Graduate,No,Low,Low,Few,0.06196581196581197,1.0,Rural,Y
266,Male,Yes,2,Graduate,No,Low,Low,Few,0.06196581196581197,1.0,Semiurban,Y
267,Male,Yes,3+,Graduate,No,Low,Low,Few,0.06196581196581197,0.0,Urban,Y
268,Female,No,0,Graduate,No,Low,Low,Few,0.06196581196581197,1.0,Rural,N
269,Female,No,1,Graduate,No,Low,Low,Few,0.06196581196581197,1.0,Urban,Y
270,Female,No,0,Graduate,No,Low,Low,Few,0.06196581196581197,1.0,Urban,Y
271,Male,Yes,0,Graduate,No,Low,Low,Few,0.06196581196581197,1.0,Urban,Y
272,Male,No,0,Graduate,No,Low,Low,Few,0.06196581196581197,1.0,Rural,Y
273,Male,Yes,0,Graduate,No,Low,Low,Few,0.06196581196581197,1.0,Semiurban,Y
274,Male,Yes,2,Graduate,No,Low,Low,Few,0.06196581196581197,1.0,Semiurban,Y
275,Male,Yes,1,Graduate,No,Low,Low,Few,0.06196581196581197,1.0,Semiurban,Y
276,Male,Yes,0,Graduate,No,Low,Low,Few,0.06196581196581197,1.0,Semiurban,Y
277,Male,Yes,0,Graduate,No,Low,Low,Few,0.06196581196581197,1.0,Urban,Y
278,Male,Yes,0,Graduate,No,Low,Low,Few,0.06196581196581197,1.0,Semiurban,Y
279,Female,Yes,0,Not Graduate,No,Low,Low,Few,0.06196581196581197,1.0,Rural,Y
280,Male,No,1,Not Graduate,Yes,Low,Low,Few,0.06196581196581197,0.0,Urban,N
281,Male,Yes,0,Graduate,No,Low,Low,Few,0.06196581196581197,1.0,Semiurban,Y
282,Male,Yes,2,Graduate,No,Low,Low,Few,0.029914529914529916,1.0,Urban,Y
283,Female,No,0,Graduate,No,Low,Low,Few,0.06196581196581197,1.0,Urban,Y
284,Male,Yes,0,Graduate,No,Low,Low,Few,0.06196581196581197,1.0,Rural,N
285,Male,No,0,Graduate,No,Low,Low,Few,0.06196581196581197,1.0,Rural,Y
286,Female,No,0,Graduate,Yes,Low,Low,Few,0.05128205128205129,1.0,Semiurban,N
287,Male,Yes,0,Graduate,No,Low,Low,Few,0.06196581196581197,1.0,Rural,Y
288,Female,No,0,Graduate,No,Low,Low,Few,0.06196581196581197,1.0,Semiurban,Y
289,Male,No,0,Graduate,No,Low,Low,Few,0.06196581196581197,1.0,Rural,Y
290,Male,Yes,0,Graduate,No,Low,Low,Few,0.06196581196581197,1.0,Rural,Y
291,Male,Yes,2,Graduate,No,Low,Low,Few,0.06196581196581197,0.0,Semiurban,N
292,Male,Yes,2,Graduate,No,Low,Low,Few,0.06196581196581197,1.0,Urban,Y
293,Female,No,2,Graduate,No,Low,Low,Few,0.08333333333333336,0.0,Urban,N
294,Male,Yes,0,Graduate,No,Low,Low,Few,0.06196581196581197,1.0,Semiurban,Y
295,Male,Yes,3+,Graduate,No,Low,Low,Few,0.06196581196581197,1.0,Urban,Y
296,Male,Yes,1,Graduate,No,Low,Low,Few,0.06196581196581197,1.0,Semiurban,Y
297,Female,Yes,1,Graduate,No,Low,Low,Few,0.06196581196581197,1.0,Urban,Y
298,Female,No,0,Graduate,No,Low,Low,Few,0.08333333333333336,1.0,Rural,N
299,Male,Yes,1,Graduate,No,Low,Low,Few,0.06196581196581197,1.0,Urban,N
300,Male,Yes,0,Not Graduate,No,Low,Low,Few,0.06196581196581197,0.0,Urban,N
301,Male,Yes,0,Not Graduate,No,Low,Low,Few,0.06196581196581197,1.0,Semiurban,Y
302,Female,No,0,Graduate,No,Low,Low,Few,0.06196581196581197,1.0,Rural,Y
303,Male,Yes,1,Graduate,No,Low,Low,Few,0.06196581196581197,1.0,Urban,Y
304,Male,No,0,Graduate,No,Low,Low,Few,0.06196581196581197,1.0,Rural,Y
305,Male,No,0,Not Graduate,No,Low,Low,Few,0.06196581196581197,1.0,Urban,N
306,Female,No,0,Graduate,No,Low,Low,Few,0.06196581196581197,1.0,Rural,Y
307,Female,No,0,Graduate,No,Low,Low,Few,0.06196581196581197,0.0,Urban,N
308,Male,No,0,Graduate,No,Low,Low,Few,0.06196581196581197,1.0,Rural,N
309,Male,Yes,2,Not Graduate,No,Low,Low,Few,0.06196581196581197,1.0,Rural,Y
310,Female,No,0,Graduate,No,Low,Low,Few,0.06196581196581197,1.0,Semiurban,Y
311,Male,No,0,Not Graduate,No,Low,Low,Few,0.06196581196581197,1.0,Semiurban,Y
312,Female,No,0,Graduate,No,Low,Low,Few,0.06196581196581197,1.0,Rural,Y
313,Male,Yes,2,Graduate,Yes,Low,Low,Few,0.012820512820512824,1.0,Rural,Y
314,Male,Yes,0,Graduate,No,Low,Low,Few,0.06196581196581197,1.0,Rural,N
315,Male,Yes,1,Not Graduate,No,Low,Low,Few,0.029914529914529916,1.0,Urban,Y
316,Male,Yes,2,Graduate,No,Low,Low,Few,0.06196581196581197,1.0,Semiurban,Y
317,Male,Yes,0,Graduate,No,Low,Low,Few,0.06196581196581197,1.0,Urban,Y
318,Female,No,1,Graduate,No,Low,Low,Few,0.06196581196581197,1.0,Semiurban,Y
319,Male,Yes,1,Graduate,Yes,Low,Low,Few,0.06196581196581197,1.0,Rural,N
320,Male,Yes,0,Graduate,No,Low,Low,Few,0.06196581196581197,1.0,Semiurban,Y
321,Male,Yes,3+,Graduate,No,Low,Low,Few,0.06196581196581197,1.0,Semiurban,Y
322,Male,Yes,2,Not Graduate,No,Low,Low,Few,0.06196581196581197,1.0,Rural,Y
323,Female,No,0,Graduate,No,Low,Low,Few,0.06196581196581197,1.0,Rural,Y
324,Male,Yes,3+,Graduate,No,Low,Low,Few,0.06196581196581197,1.0,Rural,Y
325,Male,Yes,1,Graduate,Yes,Low,Low,Few,0.06196581196581197,0.0,Rural,N
326,Male,No,0,Graduate,No,Low,Low,Few,0.06196581196581197,0.0,Rural,Y
327,Male,Yes,0,Graduate,Yes,Low,Low,Few,0.06196581196581197,1.0,Semiurban,Y
328,Female,Yes,0,Graduate,No,Low,Low,Few,0.06196581196581197,1.0,Urban,N
329,Female,No,0,Graduate,No,Low,Low,Few,0.06196581196581197,1.0,Urban,Y
330,Male,No,1,Graduate,No,Low,Low,Few,0.06196581196581197,1.0,Urban,Y
331,Male,No,0,Graduate,No,Low,Low,Few,0.06196581196581197,1.0,Semiurban,Y
332,Male,No,0,Graduate,No,Low,Low,Few,0.06196581196581197,1.0,Urban,Y
333,Male,Yes,0,Graduate,No,Low,Low,Few,0.029914529914529916,1.0,Urban,Y
334,Male,Yes,1,Graduate,Yes,Low,Low,Few,0.029914529914529916,1.0,Urban,Y
335,Male,Yes,1,Graduate,Yes,Low,Low,Few,0.029914529914529916,1.0,Semiurban,Y
336,Male,Yes,1,Graduate,Yes,Low,Low,Few,0.06196581196581197,1.0,Rural,Y
337,Male,Yes,2,Graduate,Yes,Low,Low,Few,0.06196581196581197,1.0,Rural,Y
338,Female,No,3+,Not Graduate,No,Low,Low,Few,0.06196581196581197,0.0,Urban,N
339,Female,No,0,Graduate,No,Low,Low,Few,0.06196581196581197,1.0,Semiurban,Y
340,Male,Yes,3+,Not Graduate,No,Low,Low,Few,0.06196581196581197,1.0,Rural,N
341,Female,No,0,Graduate,No,Low,Low,Few,0.06196581196581197,1.0,Rural,N
342,Male,Yes,1,Not Graduate,No,Low,Low,Few,0.06196581196581197,1.0,Urban,Y
343,Male,Yes,3+,Not Graduate,No,Low,Low,Few,0.06196581196581197,1.0,Semiurban,Y
344,Male,Yes,2,Graduate,No,Low,Low,Few,0.06196581196581197,1.0,Rural,Y
345,Male,Yes,0,Graduate,No,Low,Low,Few,0.06196581196581197,1.0,Semiurban,Y
346,Male,Yes,0,Not Graduate,No,Low,Low,Few,0.06196581196581197,0.0,Rural,N
347,Male,Yes,2,Not Graduate,No,Low,Low,Few,0.06196581196581197,1.0,Urban,Y
348,Male,Yes,0,Graduate,No,Low,Low,Few,0.06196581196581197,1.0,Semiurban,Y
349,Male,Yes,0,Graduate,No,Low,Low,Few,0.06196581196581197,1.0,Rural,Y
350,Male,Yes,0,Graduate,No,Low,Low,Few,0.06196581196581197,1.0,Semiurban,Y
351,Male,No,0,Graduate,No,Low,Low,Few,0.06196581196581197,1.0,Rural,N
352,Male,Yes,3+,Graduate,No,Low,Low,Few,0.06196581196581197,1.0,Rural,Y
353,Female,Yes,0,Graduate,Yes,Low,Low,Few,0.06196581196581197,0.0,Rural,N
354,Female,Yes,0,Graduate,No,Low,Low,Few,0.06196581196581197,1.0,Semiurban,Y
355,Female,No,0,Graduate,No,Low,Low,Few,0.029914529914529916,1.0,Urban,Y
356,Male,Yes,2,Graduate,No,Low,Low,Few,0.06196581196581197,1.0,Rural,Y
357,Male,Yes,1,Graduate,No,Low,Low,Few,0.06196581196581197,1.0,Urban,N
358,Male,Yes,0,Not Graduate,No,Low,Low,Few,0.08333333333333336,0.0,Urban,N
359,Male,Yes,3+,Graduate,No,Low,Low,Few,0.06196581196581197,1.0,Semiurban,Y
360,Female,No,1,Graduate,No,Low,Low,Few,0.06196581196581197,1.0,Semiurban,N
361,Male,Yes,2,Graduate,No,Low,Low,Few,0.06196581196581197,1.0,Semiurban,Y
362,Male,Yes,0,Graduate,No,Low,Low,Few,0.06196581196581197,1.0,Urban,Y
363,Male,Yes,0,Graduate,No,Low,Low,Few,0.05128205128205129,1.0,Urban,Y
364,Male,No,0,Graduate,Yes,Low,Low,Few,0.06196581196581197,1.0,Rural,Y
365,Male,No,0,Not Graduate,No,Low,Low,Few,0.06196581196581197,1.0,Rural,N
366,Male,No,0,Graduate,No,Low,Low,Few,0.08333333333333336,1.0,Semiurban,N
367,Male,No,0,Graduate,No,Low,Low,Few,0.08333333333333336,0.0,Rural,N
368,Male,Yes,1,Graduate,No,Low,Low,Few,0.06196581196581197,1.0,Semiurban,Y
369,Male,Yes,0,Graduate,No,Low,Low,Few,0.06196581196581197,1.0,Rural,N
370,Female,No,0,Graduate,Yes,Low,Low,Few,0.06196581196581197,1.0,Semiurban,Y
371,Male,Yes,2,Graduate,No,Low,Low,Few,0.06196581196581197,1.0,Semiurban,Y
372,Male,Yes,2,Graduate,Yes,Low,Low,Few,0.05128205128205129,1.0,Rural,Y
373,Male,No,1,Graduate,No,Low,Low,Few,0.029914529914529916,0.0,Urban,N
374,Female,No,0,Graduate,No,Low,Low,Few,0.06196581196581197,1.0,Urban,Y
375,Male,Yes,0,Graduate,No,Low,Low,Few,0.029914529914529916,1.0,Urban,Y
376,Male,Yes,3+,Graduate,No,Low,Low,Few,0.06196581196581197,1.0,Rural,Y
377,Male,Yes,0,Graduate,No,Low,Low,Few,0.06196581196581197,1.0,Semiurban,Y
378,Male,No,0,Graduate,No,Low,Low,Few,0.08333333333333336,1.0,Urban,N
379,Male,Yes,2,Graduate,No,Low,Low,Few,0.06196581196581197,1.0,Urban,Y
380,Male,Yes,0,Graduate,No,Low,Low,Few,0.06196581196581197,1.0,Semiurban,Y
381,Male,No,0,Graduate,No,Low,Low,Few,0.06196581196581197,1.0,Semiurban,Y
382,Female,No,0,Graduate,No,Low,Low,Few,0.06196581196581197,1.0,Urban,Y
383,Male,No,0,Graduate,Yes,Low,Low,Few,0.06196581196581197,1.0,Urban,Y
384,Male,Yes,2,Graduate,No,Low,Low,Few,0.06196581196581197,1.0,Urban,N
385,Male,No,1,Graduate,No,Low,Low,Few,0.029914529914529916,1.0,Urban,Y
386,Male,No,0,Not Graduate,No,Low,Low,Few,0.06196581196581197,1.0,Semiurban,Y
387,Male,Yes,0,Not Graduate,No,Low,Low,Few,0.06196581196581197,0.0,Urban,N
388,Male,Yes,0,Graduate,No,Low,Low,Few,0.06196581196581197,1.0,Urban,Y
389,Male,Yes,0,Graduate,No,Low,Low,Few,0.06196581196581197,1.0,Rural,Y
390,Male,No,3+,Graduate,No,Low,Low,Few,0.06196581196581197,1.0,Rural,Y
391,Male,Yes,3+,Graduate,No,Low,Low,Few,0.06196581196581197,1.0,Rural,Y
392,Male,Yes,0,Graduate,No,Low,Low,Few,0.06196581196581197,1.0,Urban,Y
393,Male,Yes,2,Not Graduate,No,Low,Low,Few,0.029914529914529916,1.0,Semiurban,Y
394,Male,Yes,2,Graduate,No,Low,Low,Few,0.06196581196581197,1.0,Urban,Y
395,Male,Yes,2,Graduate,No,Low,Low,Few,0.06196581196581197,1.0,Semiurban,Y
396,Female,No,0,Graduate,No,Low,Low,Few,0.06196581196581197,0.0,Urban,N
397,Male,Yes,0,Graduate,No,Low,Low,Few,0.06196581196581197,1.0,Urban,Y
398,Male,No,0,Not Graduate,No,Low,Low,Few,0.06196581196581197,1.0,Rural,Y
399,Female,No,0,Graduate,No,Low,Low,Few,0.06196581196581197,0.0,Semiurban,N
400,Male,Yes,2,Not Graduate,No,Low,Low,Few,0.029914529914529916,0.0,Urban,N
401,Male,No,0,Not Graduate,No,Low,Low,Few,0.05128205128205129,1.0,Rural,N
402,Male,No,0,Graduate,No,Low,Low,Few,0.06196581196581197,1.0,Semiurban,Y
403,Female,No,0,Not Graduate,No,Low,Low,Few,0.06196581196581197,1.0,Semiurban,Y
404,Female,No,0,Graduate,Yes,Low,Low,Few,0.06196581196581197,1.0,Rural,N
405,Female,No,0,Graduate,No,Low,Low,Few,0.06196581196581197,1.0,Semiurban,Y
406,Male,Yes,0,Not Graduate,No,Low,Low,Few,0.06196581196581197,1.0,Urban,Y
407,Female,No,0,Not Graduate,No,Low,Low,Few,0.06196581196581197,1.0,Rural,Y
408,Male,Yes,1,Graduate,No,Low,Low,Few,0.05128205128205129,0.0,Semiurban,N
409,Male,Yes,3+,Graduate,No,Low,Low,Few,0.06196581196581197,0.0,Rural,N
410,Female,No,1,Not Graduate,Yes,Low,Low,Few,0.06196581196581197,1.0,Semiurban,N
411,Male,Yes,0,Graduate,Yes,Low,Low,Few,0.06196581196581197,1.0,Urban,Y
412,Male,Yes,0,Not Graduate,No,Low,Low,Few,0.06196581196581197,0.0,Rural,N
413,Male,Yes,0,Not Graduate,No,Low,Low,Few,0.06196581196581197,1.0,Rural,Y
414,Female,Yes,0,Not Graduate,No,Low,Low,Few,0.06196581196581197,0.0,Semiurban,N
415,Female,No,0,Graduate,No,Low,Low,Few,0.06196581196581197,1.0,Urban,Y
416,Female,No,1,Graduate,No,Low,Low,Few,0.06196581196581197,1.0,Urban,N
417,Male,Yes,2,Graduate,Yes,Low,Low,Few,0.06196581196581197,1.0,Urban,N
418,Male,Yes,0,Graduate,No,Low,Low,Few,0.06196581196581197,1.0,Rural,Y
419,Male,Yes,0,Graduate,No,Low,Low,Few,0.06196581196581197,1.0,Semiurban,Y
420,Male,Yes,0,Graduate,No,Low,Low,Few,0.06196581196581197,1.0,Rural,Y
421,Female,No,0,Not Graduate,No,Low,Low,Few,0.06196581196581197,0.0,Urban,N
422,Male,Yes,0,Graduate,No,Low,Low,Few,0.06196581196581197,1.0,Urban,Y
423,Male,Yes,1,Graduate,No,Low,Low,Few,0.06196581196581197,0.0,Urban,N
424,Male,Yes,0,Graduate,No,Low,Low,Few,0.06196581196581197,1.0,Semiurban,Y
425,Male,Yes,0,Graduate,No,Low,Low,Few,0.06196581196581197,1.0,Rural,Y
426,Female,No,1,Not Graduate,No,Low,Low,Few,0.06196581196581197,1.0,Rural,N
427,Male,Yes,2,Graduate,No,Low,Low,Few,0.06196581196581197,1.0,Semiurban,Y
428,Male,Yes,0,Graduate,No,Low,Low,Few,0.06196581196581197,1.0,Rural,Y
429,Male,No,0,Not Graduate,No,Low,Low,Few,0.029914529914529916,1.0,Urban,Y
430,Female,No,1,Graduate,Yes,Low,Low,Few,0.06196581196581197,1.0,Semiurban,Y
431,Male,No,0,Graduate,No,Low,Low,Few,0.06196581196581197,0.0,Rural,N
432,Male,No,0,Graduate,No,Low,Low,Few,0.06196581196581197,1.0,Semiurban,Y
433,Male,Yes,0,Graduate,No,Low,Low,Few,0.06196581196581197,1.0,Semiurban,Y
434,Male,No,0,Graduate,No,Low,Low,Few,0.06196581196581197,1.0,Urban,Y
435,Female,No,0,Graduate,No,Low,Low,Few,0.0405982905982906,1.0,Semiurban,Y
436,Male,No,0,Graduate,No,Low,Low,Few,0.06196581196581197,1.0,Semiurban,Y
437,Male,Yes,0,Graduate,No,Low,Low,Few,0.06196581196581197,1.0,Urban,Y
438,Male,No,0,Graduate,Yes,Low,Low,Few,0.06196581196581197,0.0,Urban,N
439,Female,Yes,0,Not Graduate,Yes,Low,Low,Few,0.06196581196581197,1.0,Rural,Y
440,Male,No,0,Graduate,No,Low,Low,Few,0.06196581196581197,1.0,Semiurban,Y
441,Male,Yes,0,Graduate,No,Low,Low,Few,0.06196581196581197,1.0,Rural,Y
442,Male,No,3+,Not Graduate,No,Low,Low,Few,0.06196581196581197,1.0,Semiurban,Y
443,Male,No,1,Graduate,No,Low,Low,Few,0.06196581196581197,1.0,Semiurban,Y
444,Male,Yes,0,Graduate,No,Low,Low,Few,0.05128205128205129,1.0,Rural,Y
445,Male,Yes,1,Graduate,Yes,Low,Low,Few,0.06196581196581197,1.0,Rural,Y
446,Male,Yes,2,Not Graduate,No,Low,Low,Few,0.06196581196581197,1.0,Rural,Y
447,Male,Yes,0,Graduate,No,Low,Low,Few,0.06196581196581197,1.0,Rural,N
448,Male,Yes,2,Graduate,No,Low,Low,Few,0.06196581196581197,0.0,Rural,N
449,Male,No,1,Not Graduate,Yes,Low,Low,Few,0.06196581196581197,0.0,Semiurban,N
450,Male,Yes,2,Not Graduate,No,Low,Low,Few,0.06196581196581197,0.0,Rural,N
451,Male,Yes,2,Not Graduate,No,Low,Low,Few,0.05128205128205129,0.0,Urban,Y
452,Male,Yes,0,Graduate,No,Low,Low,Few,0.06196581196581197,0.0,Rural,N
453,Male,Yes,0,Graduate,No,Low,Low,Few,0.029914529914529916,0.0,Rural,Y
454,Male,No,0,Graduate,Yes,Low,Low,Few,0.06196581196581197,1.0,Semiurban,Y
455,Male,Yes,2,Graduate,No,Low,Low,Few,0.06196581196581197,1.0,Semiurban,Y
456,Male,Yes,0,Graduate,No,Low,Low,Few,0.06196581196581197,1.0,Urban,Y
457,Male,Yes,0,Graduate,No,Low,Low,Few,0.06196581196581197,1.0,Urban,N
458,Male,No,2,Graduate,No,Low,Low,Few,0.06196581196581197,1.0,Rural,Y
459,Male,Yes,0,Graduate,No,Low,Low,Few,0.06196581196581197,1.0,Semiurban,N
460,Male,Yes,0,Graduate,Yes,Low,Low,Few,0.06196581196581197,1.0,Semiurban,Y
461,Male,Yes,3+,Graduate,No,Low,Low,Few,0.029914529914529916,1.0,Urban,Y
462,Male,Yes,0,Graduate,No,Low,Low,Few,0.06196581196581197,1.0,Rural,Y
463,Female,No,1,Not Graduate,No,Low,Low,Few,0.06196581196581197,1.0,Semiurban,Y
464,Male,No,0,Graduate,No,Low,Low,Few,0.06196581196581197,0.0,Semiurban,N
465,Male,No,0,Graduate,No,Low,Low,Few,0.06196581196581197,1.0,Rural,Y
466,Male,Yes,3+,Not Graduate,No,Low,Low,Few,0.029914529914529916,0.0,Urban,N
467,Male,Yes,0,Graduate,No,Low,Low,Few,0.06196581196581197,1.0,Semiurban,Y
468,Female,Yes,2,Not Graduate,No,Low,Low,Few,0.06196581196581197,1.0,Semiurban,Y
469,Male,Yes,0,Graduate,No,Low,Low,Few,0.06196581196581197,1.0,Urban,N
470,Male,Yes,1,Graduate,Yes,Low,Low,Few,0.06196581196581197,1.0,Semiurban,Y
471,Male,Yes,1,Not Graduate,No,Low,Low,Few,0.029914529914529916,0.0,Rural,N
472,Male,Yes,3+,Graduate,No,Low,Low,Few,0.06196581196581197,1.0,Semiurban,Y
473,Female,No,0,Graduate,Yes,Low,Low,Few,0.06196581196581197,1.0,Urban,Y
474,Male,No,2,Graduate,No,Low,Low,Few,0.06196581196581197,1.0,Rural,Y
475,Male,Yes,2,Graduate,Yes,Low,Low,Few,0.06196581196581197,1.0,Rural,Y
476,Male,Yes,2,Graduate,No,Low,Low,Few,0.05128205128205129,1.0,Semiurban,Y
477,Male,Yes,2,Graduate,No,Low,Low,Few,0.06196581196581197,0.0,Semiurban,N
478,Male,Yes,1,Graduate,Yes,Low,Low,Few,0.06196581196581197,1.0,Semiurban,Y
479,Male,Yes,2,Graduate,No,Low,Low,Few,0.06196581196581197,1.0,Urban,N
480,Female,No,0,Not Graduate,No,Low,Low,Few,0.06196581196581197,1.0,Rural,Y
481,Male,Yes,3+,Not Graduate,No,Low,Low,Few,0.06196581196581197,1.0,Rural,Y
482,Male,Yes,0,Graduate,No,Low,Low,Few,0.06196581196581197,1.0,Semiurban,Y
483,Male,Yes,0,Graduate,No,Low,Low,Few,0.06196581196581197,1.0,Semiurban,Y
484,Male,Yes,2,Graduate,No,Low,Low,Few,0.06196581196581197,1.0,Semiurban,Y
485,Male,Yes,1,Not Graduate,No,Low,Low,Few,0.06196581196581197,1.0,Rural,Y
486,Male,No,2,Graduate,No,Low,Low,Few,0.06196581196581197,0.0,Rural,N
487,Male,Yes,1,Graduate,No,Low,Low,Few,0.06196581196581197,1.0,Urban,N
488,Male,Yes,2,Graduate,Yes,Low,Low,Few,0.06196581196581197,1.0,Semiurban,Y
489,Male,No,0,Graduate,No,Low,Low,Few,0.06196581196581197,1.0,Urban,N
490,Male,No,0,Not Graduate,No,Low,Low,Few,0.06196581196581197,1.0,Semiurban,Y
491,Male,Yes,1,Not Graduate,No,Low,Low,Few,0.06196581196581197,1.0,Urban,Y
492,Male,No,0,Not Graduate,No,Low,Low,Few,0.06196581196581197,1.0,Rural,Y
493,Female,No,0,Not Graduate,Yes,Low,Low,Few,0.06196581196581197,1.0,Semiurban,Y
494,Male,Yes,0,Graduate,No,Low,Low,Few,0.06196581196581197,0.0,Rural,N
495,Female,Yes,1,Graduate,No,Low,Low,Few,0.012820512820512824,1.0,Semiurban,Y
496,Male,Yes,0,Not Graduate,No,Low,Low,Few,0.06196581196581197,1.0,Rural,Y
497,Male,Yes,0,Graduate,No,Low,Low,Few,0.0,1.0,Urban,Y
498,Male,Yes,1,Graduate,Yes,Low,Low,Few,0.06196581196581197,1.0,Semiurban,Y
499,Male,No,0,Graduate,No,Low,Low,Few,0.06196581196581197,0.0,Rural,N
500,Female,No,0,Graduate,No,Low,Low,Few,0.08333333333333336,1.0,Rural,Y
501,Female,No,0,Graduate,No,Low,Low,Few,0.06196581196581197,1.0,Semiurban,Y
502,Male,Yes,2,Graduate,No,Low,Low,Few,0.06196581196581197,1.0,Semiurban,Y
503,Male,Yes,1,Not Graduate,No,Low,Low,Few,0.06196581196581197,1.0,Rural,N
504,Male,Yes,0,Not Graduate,No,Low,Low,Few,0.05128205128205129,1.0,Semiurban,Y
505,Male,Yes,2,Graduate,No,Low,Low,Few,0.06196581196581197,1.0,Rural,Y
506,Male,Yes,0,Graduate,No,Low,Low,Few,0.06196581196581197,1.0,Urban,Y
507,Male,No,0,Graduate,No,Low,Low,Few,0.06196581196581197,1.0,Urban,N
508,Male,Yes,0,Graduate,Yes,Low,Low,Few,0.06196581196581197,1.0,Urban,Y
509,Female,No,1,Graduate,No,Low,Low,Few,0.06196581196581197,1.0,Urban,Y
510,Male,No,0,Not Graduate,No,Low,Low,Few,0.06196581196581197,1.0,Rural,N
511,Male,Yes,1,Graduate,No,Low,Low,Few,0.06196581196581197,1.0,Semiurban,Y
512,Male,Yes,2,Graduate,No,Low,Low,Few,0.06196581196581197,1.0,Urban,Y
513,Male,Yes,0,Graduate,No,Low,Low,Few,0.029914529914529916,1.0,Semiurban,N
514,Male,No,0,Graduate,No,Low,Low,Few,0.06196581196581197,1.0,Rural,N
515,Male,Yes,3+,Graduate,No,Low,Low,Few,0.06196581196581197,1.0,Rural,Y
516,Female,Yes,2,Graduate,No,Low,Low,Few,0.08333333333333336,1.0,Semiurban,Y
517,Male,Yes,2,Not Graduate,No,Low,Low,Few,0.06196581196581197,0.0,Semiurban,N
518,Male,No,0,Graduate,No,Low,Low,Few,0.06196581196581197,1.0,Semiurban,N
519,Female,No,0,Not Graduate,No,Low,Low,Few,0.06196581196581197,1.0,Rural,N
520,Male,Yes,2,Not Graduate,No,Low,Low,Few,0.06196581196581197,1.0,Semiurban,Y
521,Male,No,0,Graduate,No,Low,Low,Few,0.06196581196581197,1.0,Semiurban,Y
522,Male,Yes,3+,Graduate,Yes,Low,Low,Few,0.06196581196581197,1.0,Rural,Y
523,Male,Yes,2,Graduate,Yes,Low,Low,Few,0.06196581196581197,1.0,Rural,Y
524,Male,No,0,Graduate,No,Low,Low,Few,0.06196581196581197,1.0,Semiurban,N
525,Male,Yes,2,Graduate,Yes,Low,Low,Few,0.06196581196581197,1.0,Rural,Y
526,Male,Yes,0,Graduate,No,Low,Low,Few,0.06196581196581197,1.0,Semiurban,Y
527,Male,Yes,1,Not Graduate,No,Low,Low,Few,0.06196581196581197,0.0,Semiurban,Y
528,Male,No,1,Not Graduate,No,Low,Low,Few,0.06196581196581197,1.0,Semiurban,Y
529,Male,No,0,Not Graduate,No,Low,Low,Few,0.06196581196581197,1.0,Semiurban,Y
530,Male,Yes,0,Graduate,No,Low,Low,Few,0.06196581196581197,1.0,Rural,Y
531,Male,Yes,3+,Graduate,No,Low,Low,Few,0.06196581196581197,1.0,Urban,Y
532,Male,No,2,Graduate,No,Low,Low,Few,0.06196581196581197,0.0,Rural,N
533,Male,No,1,Graduate,No,Low,Low,Few,0.06196581196581197,0.0,Semiurban,N
534,Female,No,0,Not Graduate,Yes,Low,Low,Few,0.06196581196581197,1.0,Urban,Y
535,Male,No,0,Not Graduate,Yes,Low,Low,Few,0.06196581196581197,1.0,Rural,Y
536,Male,Yes,0,Graduate,No,Low,Low,Few,0.06196581196581197,1.0,Urban,Y
537,Male,No,2,Graduate,No,Low,Low,Few,0.06196581196581197,1.0,Semiurban,Y
538,Male,Yes,0,Not Graduate,No,Low,Low,Few,0.06196581196581197,1.0,Rural,N
539,Male,Yes,3+,Graduate,No,Low,Low,Few,0.029914529914529916,1.0,Rural,Y
540,Female,Yes,1,Graduate,No,Low,Low,Few,0.029914529914529916,1.0,Semiurban,Y
541,Female,No,0,Graduate,No,Low,Low,Few,0.06196581196581197,0.0,Semiurban,N
542,Female,No,1,Graduate,No,Low,Low,Few,0.06196581196581197,1.0,Semiurban,Y
543,Male,Yes,1,Not Graduate,No,Low,Low,Few,0.06196581196581197,1.0,Urban,Y
544,Female,Yes,0,Not Graduate,No,Low,Low,Few,0.06196581196581197,1.0,Semiurban,Y
545,Male,Yes,0,Graduate,No,Low,Low,Few,0.06196581196581197,1.0,Rural,Y
546,Male,No,0,Not Graduate,No,Low,Low,Few,0.004273504273504273,1.0,Semiurban,N
547,Male,No,0,Graduate,No,Low,Low,Few,0.06196581196581197,1.0,Rural,Y
548,Female,No,0,Graduate,No,Low,Low,Few,0.06196581196581197,0.0,Semiurban,N
549,Male,Yes,0,Graduate,No,Low,Low,Few,0.06196581196581197,1.0,Rural,Y
550,Male,Yes,2,Graduate,Yes,Low,Low,Few,0.06196581196581197,0.0,Rural,N
551,Male,Yes,1,Not Graduate,No,Low,Low,Few,0.06196581196581197,1.0,Rural,Y
552,Male,Yes,1,Graduate,No,Low,Low,Few,0.06196581196581197,1.0,Urban,Y
553,Male,Yes,0,Not Graduate,No,Low,Low,Few,0.06196581196581197,0.0,Urban,N
554,Male,Yes,0,Graduate,No,Low,Low,Few,0.029914529914529916,0.0,Rural,N
555,Male,Yes,1,Graduate,No,Low,Low,Few,0.06196581196581197,1.0,Semiurban,Y
556,Female,No,0,Graduate,No,Low,Low,Few,0.06196581196581197,1.0,Urban,Y
557,Male,Yes,3+,Graduate,Yes,Low,Low,Few,0.06196581196581197,1.0,Semiurban,Y
558,Male,Yes,0,Graduate,No,Low,Low,Few,0.06196581196581197,1.0,Semiurban,Y
559,Female,Yes,0,Graduate,No,Low,Low,Few,0.06196581196581197,1.0,Semiurban,Y
560,Male,Yes,2,Not Graduate,No,Low,Low,Few,0.06196581196581197,1.0,Semiurban,Y
561,Female,Yes,1,Graduate,Yes,Low,Low,Few,0.06196581196581197,1.0,Semiurban,Y
562,Male,Yes,0,Graduate,No,Low,Low,Few,0.06196581196581197,1.0,Rural,Y
563,Male,No,0,Not Graduate,Yes,Low,Low,Few,0.06196581196581197,1.0,Semiurban,Y
564,Male,Yes,2,Graduate,No,Low,Low,Few,0.06196581196581197,0.0,Urban,N
565,Male,Yes,0,Not Graduate,No,Low,Low,Few,0.06196581196581197,0.0,Rural,Y
566,Male,No,0,Graduate,No,Low,Low,Few,0.06196581196581197,1.0,Urban,Y
567,Male,Yes,3+,Graduate,No,Low,Low,Few,0.06196581196581197,0.0,Rural,N
568,Female,No,0,Graduate,No,Low,Low,,0.06196581196581197,1.0,Urban,N
569,Male,Yes,0,Graduate,No,Low,Low,Few,0.06196581196581197,0.0,Urban,N
570,Male,Yes,1,Graduate,No,Low,Low,Few,0.06196581196581197,1.0,Urban,Y
571,Male,Yes,1,Graduate,No,Low,Low,Few,0.06196581196581197,0.0,Urban,N
572,Male,Yes,2,Graduate,No,Low,Low,Few,0.06196581196581197,1.0,Urban,Y
573,Male,Yes,2,Not Graduate,No,Low,Low,Few,0.08333333333333336,1.0,Semiurban,N
574,Male,Yes,3+,Graduate,No,Low,Low,Few,0.06196581196581197,1.0,Semiurban,N
575,Male,Yes,2,Graduate,No,Low,Low,Few,0.012820512820512824,1.0,Urban,Y
576,Male,Yes,0,Graduate,No,Low,Low,Few,0.06196581196581197,0.0,Semiurban,N
577,Male,No,0,Graduate,No,Low,Low,Few,0.06196581196581197,1.0,Urban,Y
578,Male,Yes,1,Graduate,No,Low,Low,Few,0.06196581196581197,1.0,Rural,Y
579,Male,No,0,Graduate,No,Low,Low,Few,0.06196581196581197,1.0,Urban,Y
580,Male,Yes,2,Graduate,No,Low,Low,Few,0.06196581196581197,1.0,Semiurban,Y
581,Male,No,0,Graduate,No,Low,Low,Few,0.06196581196581197,1.0,Urban,N
582,Female,Yes,0,Graduate,No,Low,Low,Few,0.06196581196581197,1.0,Semiurban,Y
583,Male,Yes,1,Graduate,No,Low,Low,Few,0.06196581196581197,1.0,Rural,N
584,Male,Yes,1,Graduate,No,Low,Low,Few,0.06196581196581197,0.0,Rural,N
585,Male,Yes,1,Graduate,No,Low,Low,Few,0.012820512820512824,1.0,Rural,N
586,Male,Yes,0,Graduate,No,Low,Low,Few,0.06196581196581197,1.0,Urban,Y
587,Female,No,0,Not Graduate,No,Low,Low,Few,0.06196581196581197,1.0,Semiurban,Y
588,Female,No,0,Graduate,No,Low,Low,Few,0.06196581196581197,1.0,Semiurban,Y
589,Male,Yes,2,Graduate,Yes,Low,Low,Few,0.06196581196581197,0.0,Semiurban,N
590,Male,Yes,0,Graduate,No,Low,Low,Few,0.029914529914529916,1.0,Semiurban,Y
591,Male,Yes,2,Graduate,Yes,Low,Low,Few,0.0405982905982906,1.0,Semiurban,N
592,Male,No,3+,Graduate,Yes,Low,Low,Few,0.06196581196581197,1.0,Semiurban,Y
593,Male,Yes,0,Graduate,No,Low,Low,Few,0.029914529914529916,1.0,Rural,Y
594,Male,Yes,0,Graduate,Yes,Low,Low,Few,0.06196581196581197,1.0,Urban,Y
595,Male,No,0,Not Graduate,No,Low,Low,Few,0.06196581196581197,1.0,Rural,Y
596,Male,Yes,2,Not Graduate,Yes,Low,Low,Few,0.06196581196581197,1.0,Rural,N
597,Male,No,2,Graduate,No,Low,Low,Few,0.06196581196581197,0.0,Semiurban,N
598,Male,Yes,0,Graduate,Yes,Low,Low,Few,0.06196581196581197,1.0,Rural,Y
599,Male,Yes,2,Graduate,No,Low,Low,Few,0.06196581196581197,1.0,Urban,Y
600,Female,No,3+,Graduate,No,Low,Low,Few,0.029914529914529916,1.0,Urban,N
601,Male,Yes,0,Not Graduate,No,Low,Low,Few,0.06196581196581197,1.0,Rural,Y
602,Male,Yes,3+,Graduate,No,Low,Low,Few,0.06196581196581197,1.0,Urban,Y
603,Male,No,0,Graduate,No,Low,Low,Few,0.06196581196581197,1.0,Rural,Y
604,Female,Yes,1,Graduate,No,Low,Low,Few,0.06196581196581197,1.0,Semiurban,Y
605,Male,Yes,0,Not Graduate,No,Low,Low,Few,0.029914529914529916,1.0,Urban,N
606,Male,Yes,1,Graduate,No,Low,Low,Few,0.06196581196581197,1.0,Semiurban,Y
607,Male,Yes,2,Not Graduate,No,Low,Low,Few,0.06196581196581197,1.0,Rural,Y
608,Male,Yes,0,Graduate,No,Low,Low,Few,0.06196581196581197,1.0,Rural,Y
609,Female,No,0,Graduate,No,Low,Low,Few,0.06196581196581197,1.0,Rural,Y
610,Male,Yes,3+,Graduate,No,Low,Low,Few,0.029914529914529916,1.0,Rural,Y
611,Male,Yes,1,Graduate,No,Low,Low,Few,0.06196581196581197,1.0,Urban,Y
612,Male,Yes,2,Graduate,No,Low,Low,Few,0.06196581196581197,1.0,Urban,Y
613,Female,No,0,Graduate,Yes,Low,Low,Few,0.06196581196581197,0.0,Semiurban,N
